<?xml version='1.1' encoding='UTF-8'?>
<hudson.model.UserIdMapper>
  <version>1</version>
  <idToDirectoryNameMap class="concurrent-hash-map">
    <entry>
      <string>noreply</string>
      <string>noreply_14085228983367809589</string>
    </entry>
    <entry>
      <string>root</string>
      <string>root_3828149910601371759</string>
    </entry>
    <entry>
      <string>ritu</string>
      <string>ritu_1088422317097671194</string>
    </entry>
  </idToDirectoryNameMap>
</hudson.model.UserIdMapper>