<?xml version='1.1' encoding='UTF-8'?>
<org.jvnet.hudson.plugins.thinbackup.backup.PluginList plugin="thinBackup@1.10">
  <plugins>
    <entry>
      <string>pipeline-milestone-step</string>
      <string>101.vd572fef9d926</string>
    </entry>
    <entry>
      <string>jdk-tool</string>
      <string>1.5</string>
    </entry>
    <entry>
      <string>github-branch-source</string>
      <string>1599.v9fb_798a_a_7c4f</string>
    </entry>
    <entry>
      <string>snakeyaml-api</string>
      <string>1.30.1</string>
    </entry>
    <entry>
      <string>pipeline-github-lib</string>
      <string>36.v4c01db_ca_ed16</string>
    </entry>
    <entry>
      <string>trilead-api</string>
      <string>1.57.v6e90e07157e1</string>
    </entry>
    <entry>
      <string>workflow-multibranch</string>
      <string>712.vc169a_1387405</string>
    </entry>
    <entry>
      <string>javax-mail-api</string>
      <string>1.6.2-6</string>
    </entry>
    <entry>
      <string>pipeline-stage-tags-metadata</string>
      <string>2.2077.vc78ec45162f1</string>
    </entry>
    <entry>
      <string>handlebars</string>
      <string>3.0.8</string>
    </entry>
    <entry>
      <string>ldap</string>
      <string>2.9</string>
    </entry>
    <entry>
      <string>plugin-util-api</string>
      <string>2.16.0</string>
    </entry>
    <entry>
      <string>javax-activation-api</string>
      <string>1.2.0-3</string>
    </entry>
    <entry>
      <string>git-client</string>
      <string>3.11.0</string>
    </entry>
    <entry>
      <string>scm-api</string>
      <string>608.vfa_f971c5a_a_e9</string>
    </entry>
    <entry>
      <string>variant</string>
      <string>1.4</string>
    </entry>
    <entry>
      <string>pipeline-stage-step</string>
      <string>293.v200037eefcd5</string>
    </entry>
    <entry>
      <string>font-awesome-api</string>
      <string>6.0.0-1</string>
    </entry>
    <entry>
      <string>pipeline-model-extensions</string>
      <string>2.2077.vc78ec45162f1</string>
    </entry>
    <entry>
      <string>email-ext</string>
      <string>2.88</string>
    </entry>
    <entry>
      <string>github</string>
      <string>1.34.3</string>
    </entry>
    <entry>
      <string>build-timeout</string>
      <string>1.20</string>
    </entry>
    <entry>
      <string>workflow-cps-global-lib</string>
      <string>570.v21311f4951f8</string>
    </entry>
    <entry>
      <string>configuration-as-code</string>
      <string>1429.v09b_044a_c93de</string>
    </entry>
    <entry>
      <string>workflow-support</string>
      <string>819.v37d707a_71d9b_</string>
    </entry>
    <entry>
      <string>checks-api</string>
      <string>1.7.3</string>
    </entry>
    <entry>
      <string>mailer</string>
      <string>414.vcc4c33714601</string>
    </entry>
    <entry>
      <string>antisamy-markup-formatter</string>
      <string>2.7</string>
    </entry>
    <entry>
      <string>jackson2-api</string>
      <string>2.13.2.20220328-273.v11d70a_b_a_1a_52</string>
    </entry>
    <entry>
      <string>pipeline-rest-api</string>
      <string>2.24</string>
    </entry>
    <entry>
      <string>workflow-scm-step</string>
      <string>399.v9b_8f4da_65061</string>
    </entry>
    <entry>
      <string>ws-cleanup</string>
      <string>0.42</string>
    </entry>
    <entry>
      <string>pipeline-model-api</string>
      <string>2.2077.vc78ec45162f1</string>
    </entry>
    <entry>
      <string>token-macro</string>
      <string>293.v283932a_0a_b_49</string>
    </entry>
    <entry>
      <string>thinBackup</string>
      <string>1.10</string>
    </entry>
    <entry>
      <string>pipeline-input-step</string>
      <string>448.v37cea_9a_10a_70</string>
    </entry>
    <entry>
      <string>lockable-resources</string>
      <string>2.14</string>
    </entry>
    <entry>
      <string>jquery3-api</string>
      <string>3.6.0-3</string>
    </entry>
    <entry>
      <string>git-server</string>
      <string>1.10</string>
    </entry>
    <entry>
      <string>momentjs</string>
      <string>1.1.1</string>
    </entry>
    <entry>
      <string>okhttp-api</string>
      <string>4.9.3-105.vb96869f8ac3a</string>
    </entry>
    <entry>
      <string>credentials-binding</string>
      <string>523.vd859a_4b_122e6</string>
    </entry>
    <entry>
      <string>workflow-aggregator</string>
      <string>2.7</string>
    </entry>
    <entry>
      <string>pipeline-build-step</string>
      <string>2.18</string>
    </entry>
    <entry>
      <string>pipeline-stage-view</string>
      <string>2.24</string>
    </entry>
    <entry>
      <string>credentials</string>
      <string>1087.1089.v2f1b_9a_b_040e4</string>
    </entry>
    <entry>
      <string>pipeline-model-definition</string>
      <string>2.2077.vc78ec45162f1</string>
    </entry>
    <entry>
      <string>caffeine-api</string>
      <string>2.9.3-65.v6a_47d0f4d1fe</string>
    </entry>
    <entry>
      <string>workflow-step-api</string>
      <string>625.vd896b_f445a_f8</string>
    </entry>
    <entry>
      <string>plain-credentials</string>
      <string>1.8</string>
    </entry>
    <entry>
      <string>command-launcher</string>
      <string>81.v9c2cb_cb_db_392</string>
    </entry>
    <entry>
      <string>resource-disposer</string>
      <string>0.19</string>
    </entry>
    <entry>
      <string>matrix-project</string>
      <string>771.v574584b_39e60</string>
    </entry>
    <entry>
      <string>bouncycastle-api</string>
      <string>2.26</string>
    </entry>
    <entry>
      <string>jaxb</string>
      <string>2.3.0.1</string>
    </entry>
    <entry>
      <string>pam-auth</string>
      <string>1.8</string>
    </entry>
    <entry>
      <string>ace-editor</string>
      <string>1.1</string>
    </entry>
    <entry>
      <string>git</string>
      <string>4.11.1</string>
    </entry>
    <entry>
      <string>workflow-durable-task-step</string>
      <string>1130.v8fd69d0b_8857</string>
    </entry>
    <entry>
      <string>bootstrap5-api</string>
      <string>5.1.3-6</string>
    </entry>
    <entry>
      <string>ssh-credentials</string>
      <string>277.v95c2fec1c047</string>
    </entry>
    <entry>
      <string>cloudbees-folder</string>
      <string>6.714.v79e858ef76a_2</string>
    </entry>
    <entry>
      <string>popper2-api</string>
      <string>2.11.5-1</string>
    </entry>
    <entry>
      <string>durable-task</string>
      <string>496.va67c6f9eefa7</string>
    </entry>
    <entry>
      <string>workflow-basic-steps</string>
      <string>948.v2c72a_091b_b_68</string>
    </entry>
    <entry>
      <string>workflow-job</string>
      <string>1180.v04c4e75dce43</string>
    </entry>
    <entry>
      <string>jsch</string>
      <string>0.1.55.2</string>
    </entry>
    <entry>
      <string>timestamper</string>
      <string>1.17</string>
    </entry>
    <entry>
      <string>github-api</string>
      <string>1.303-400.v35c2d8258028</string>
    </entry>
    <entry>
      <string>junit</string>
      <string>1.63</string>
    </entry>
    <entry>
      <string>pipeline-graph-analysis</string>
      <string>195.v5812d95a_a_2f9</string>
    </entry>
    <entry>
      <string>echarts-api</string>
      <string>5.3.2-1</string>
    </entry>
    <entry>
      <string>structs</string>
      <string>318.va_f3ccb_729b_71</string>
    </entry>
    <entry>
      <string>apache-httpcomponents-client-4-api</string>
      <string>4.5.13-1.0</string>
    </entry>
    <entry>
      <string>ant</string>
      <string>475.vf34069fef73c</string>
    </entry>
    <entry>
      <string>workflow-cps</string>
      <string>2689.v434009a_31b_f1</string>
    </entry>
    <entry>
      <string>ssh-slaves</string>
      <string>1.814.vc82988f54b_10</string>
    </entry>
    <entry>
      <string>sshd</string>
      <string>3.228.v4c9f9e652c86</string>
    </entry>
    <entry>
      <string>matrix-auth</string>
      <string>3.1.2</string>
    </entry>
    <entry>
      <string>jjwt-api</string>
      <string>0.11.2-71.v2722b_b_06a_2a_f</string>
    </entry>
    <entry>
      <string>gradle</string>
      <string>1.38</string>
    </entry>
    <entry>
      <string>display-url-api</string>
      <string>2.3.6</string>
    </entry>
    <entry>
      <string>script-security</string>
      <string>1158.v7c1b_73a_69a_08</string>
    </entry>
    <entry>
      <string>branch-api</string>
      <string>2.1046.v0ca_37783ecc5</string>
    </entry>
    <entry>
      <string>Hudson core</string>
      <string>2.332.3</string>
    </entry>
    <entry>
      <string>workflow-api</string>
      <string>1144.v61c3180fa_03f</string>
    </entry>
  </plugins>
  <pluginsXml>/var/jenkins-backup/FULL-2022-06-05_18-23/installedPlugins.xml</pluginsXml>
</org.jvnet.hudson.plugins.thinbackup.backup.PluginList>